headquarters,247332
region-1,28610
region-2,28532
region-3,27639
region-4,28276
region-5,27813
region-6,28329
region-7,28023
region-8,27559
region-9,28388
region-10,28496
region-11,2224
region-12,2234
region-13,2229
region-14,2218
region-15,2221
region-16,2222
region-17,2221
region-18,2214
region-19,2236
region-20,2226
region-21,2211
region-22,2230
region-23,2233
region-24,2223
region-25,2230
region-26,2225
region-27,2229
region-28,2222
region-29,2230
region-30,2213
region-31,2225
region-32,2243
region-33,2212
region-34,2230
region-35,2220
region-36,2226
region-37,2220
region-38,2216
region-39,2230
region-40,2235
region-41,2232
region-42,2233
region-43,2213
region-44,2223
region-45,2227
region-46,2222
region-47,2221
region-48,2223
region-49,2227
region-50,2237
